,course_precision_at_five,course_precision_at_ten,course_precision_at_twenty,course_ndcg_at_five,course_ndcg_at_ten,course_ndcg_at_twenty,explanation_precision_at_five,explanation_precision_at_ten,explanation_precision_at_twenty,explanation_ndcg_at_five,explanation_ndcg_at_ten,explanation_ndcg_at_twenty
BM25,0.5428571428571429,0.48571428571428577,0.42857142857142855,0.5571142130830583,0.5141513845308452,0.4637683725194838,0.3428571428571429,0.39999999999999997,0.38571428571428573,0.4182569710369041,0.4194293963564835,0.40014710509296886
Cos Sim,0.5714285714285715,0.5571428571428572,0.5142857142857143,0.5621670361841493,0.5367981739095089,0.5083684395003034,0.7142857142857143,0.6571428571428571,0.6214285714285713,0.6517316645857762,0.6127317393507395,0.5865964666872525
KG,0.6857142857142857,0.7142857142857142,0.7071428571428573,0.5863056230909602,0.634818328080094,0.6447992793926295,1.0,0.9428571428571428,0.9214285714285716,0.7266568005492475,0.7335504120115861,0.7343553694978381
